city_council_district,type,type
 ,General Comments For a Program or Policy,1407
 ,Ground Maintenance,317
 ,Equipment Repair,268
 ,General Comments For An Employee,164
 ,Parks Lighting/Electrical Issues,145
 ,Park Improvement Requests,134
 ,Parking Enforcement,59
 ,Tree in Park,57
 ,Rodent Activity,45
 ,Phone Bank Service Inquiry,35
 ,Missed Trash/Recycling/Yard Waste/Bulk Item,32
 ,Request for Pothole Repair,30
 ,Cemetery Maintenance Request,28
 ,Unsanitary Conditions - Employees,28
 ,Unsanitary Conditions - Establishment,23
 ,Pick up Dead Animal,22
 ,Needle Pickup,20
 ,Street Light Outages,19
 ,Schedule a Bulk Item Pickup,15
 ,Tree Maintenance Requests,14
 ,Sign Repair,12
 ,Requests for Street Cleaning,10
 ,Traffic Signal Inspection,9
 ,Request for Recycling Cart,7
 ,Unsatisfactory Living Conditions,7
 ,Improper Storage of Trash (Barrels),6
 ,Alert Boston,5
 ,General Lighting Request,5
 ,Knockdown Replacement,5
 ,New Tree Requests,5
 ,PWD Graffiti,5
 ,Schedule a Bulk Item Pickup SS,5
 ,Traffic Signal Repair,5
 ,Trash on Vacant Lot,5
 ,Walk-In Service Inquiry,5
 ,Abandoned Bicycle,4
 ,Empty Litter Basket,4
 ,Sidewalk Repair (Make Safe),4
 ,StreetLight Pole WO,4
 ,Unsanitary Conditions - Food,4
 ,Abandoned Vehicles,3
 ,Building Inspection Request,3
 ,Contractors Complaint,3
 ,Food Alert - Confirmed,3
 ,Parks General Request,3
 ,Planting,3
 ,Poor Conditions of Property,3
 ,Cross Metering - Sub-Metering,2
 ,Electrical,2
 ,Exceeding Terms of Permit,2
 ,Food Alert - Unconfirmed,2
 ,Pest Infestation - Residential,2
 ,Public Works General Request,2
 ,Recycling Cart Return,2
 ,Rental Unit Delivery Conditions,2
 ,Street Light Knock Downs,2
 ,Tree Emergencies,2
 ,Unsafe Dangerous Conditions,2
 ,Animal Generic Request,1
 ,Chronic Dampness/Mold,1
 ,Contractor Complaints,1
 ,Fire Hydrant,1
 ,Graffiti Removal,1
 ,Heat - Excessive  Insufficient,1
 ,Illegal Auto Body Shop,1
 ,Illegal Use,1
 ,Loud Parties/Music/People,1
 ,Maintenance Complaint - Residential,1
 ,Major System Failure,1
 ,Mice Infestation - Residential,1
 ,Sticker Request,1
 ,Student Move-in Issues,1
 ,Unshoveled Sidewalk,1
 ,Upgrade Existing Lighting,1
 ,Work w/out Permit,1
0,Parking Enforcement,37
0,Request for Pothole Repair,26
0,Needle Pickup,21
0,Requests for Street Cleaning,20
0,Graffiti Removal,14
0,Traffic Signal Inspection,14
0,Sign Repair,13
0,PWD Graffiti,11
0,Street Light Outages,11
0,Schedule a Bulk Item Pickup,7
0,Request for Recycling Cart,6
0,Schedule a Bulk Item Pickup SS,6
0,Empty Litter Basket,5
0,General Lighting Request,5
0,Improper Storage of Trash (Barrels),5
0,Tree Maintenance Requests,5
0,Working Beyond Hours,5
0,Ground Maintenance,4
0,Pick up Dead Animal,4
0,Missed Trash/Recycling/Yard Waste/Bulk Item,3
0,Pest Infestation - Residential,3
0,Poor Conditions of Property,3
0,Sidewalk Repair (Make Safe),3
0,Unshoveled Sidewalk,3
0,Animal Generic Request,2
0,CE Collection,2
0,Illegal Vending,2
0,Pole Compliance,2
0,Protection of Adjoining Property,2
0,Recycling Cart Return,2
0,Requests for Traffic Signal Studies or Reviews,2
0,Unsanitary Conditions - Employees,2
0,Automotive Noise Disturbance,1
0,Contractor Complaints,1
0,Contractors Complaint,1
0,Equipment Repair,1
0,Illegal Dumping,1
0,New Tree Requests,1
0,Parking on Front/Back Yards (Illegal Parking),1
0,Public Works General Request,1
0,Request for Snow Plowing,1
0,Roadway Repair,1
0,Unsafe Dangerous Conditions,1
0,Unsatisfactory Living Conditions,1
0,Utility Casting Repair,1
0,Work Hours-Loud Noise Complaints,1
0,Work w/out Permit,1
1,Parking Enforcement,9087
1,Requests for Street Cleaning,2575
1,Improper Storage of Trash (Barrels),2557
1,CE Collection,1853
1,Request for Pothole Repair,1641
1,Street Light Outages,1051
1,Graffiti Removal,1042
1,Sign Repair,937
1,Schedule a Bulk Item Pickup,861
1,Request for Recycling Cart,852
1,Tree Maintenance Requests,841
1,Missed Trash/Recycling/Yard Waste/Bulk Item,680
1,Poor Conditions of Property,652
1,Recycling Cart Return,652
1,Pick up Dead Animal,647
1,Sidewalk Repair (Make Safe),639
1,Needle Pickup,493
1,Schedule a Bulk Item Pickup SS,491
1,Rodent Activity,465
1,Work w/out Permit,434
1,Ground Maintenance,418
1,Empty Litter Basket,361
1,Equipment Repair,354
1,Abandoned Vehicles,330
1,Unshoveled Sidewalk,310
1,Animal Generic Request,298
1,Contractors Complaint,283
1,Illegal Dumping,250
1,Sidewalk Repair,250
1,Traffic Signal Inspection,250
1,Working Beyond Hours,239
1,New Tree Requests,234
1,Sticker Request,229
1,Unsafe Dangerous Conditions,221
1,PWD Graffiti,219
1,Unsanitary Conditions - Establishment,201
1,Tree Emergencies,178
1,Unsatisfactory Living Conditions,173
1,Building Inspection Request,159
1,Unsanitary Conditions - Employees,133
1,Pest Infestation - Residential,132
1,Missing Sign,127
1,Contractor Complaints,125
1,Exceeding Terms of Permit,125
1,General Lighting Request,110
1,Protection of Adjoining Property,105
1,Abandoned Bicycle,101
1,Parks Lighting/Electrical Issues,87
1,Notification,80
1,Request for Snow Plowing,79
1,Parks General Request,75
1,Utility Casting Repair,73
1,Work Hours-Loud Noise Complaints,73
1,Space Savers,72
1,Public Works General Request,69
1,General Comments For An Employee,66
1,Street Light Knock Downs,58
1,New Sign  Crosswalk or Pavement Marking,55
1,Catchbasin,54
1,Electrical,52
1,Heat - Excessive  Insufficient,47
1,Loud Parties/Music/People,47
1,Construction Debris,44
1,Transportation General Request,44
1,Pole Compliance,42
1,Rental Unit Delivery Conditions,41
1,Misc. Snow Complaint,38
1,Sidewalk Cover / Manhole,37
1,BWSC General Request,35
1,Maintenance - Homeowner,34
1,Major System Failure,31
1,Animal Lost,30
1,Unsanitary Conditions - Food,30
1,Illegal Occupancy,27
1,Animal Found,24
1,Maintenance Complaint - Residential,24
1,Requests for Traffic Signal Studies or Reviews,23
1,Knockdown Replacement,22
1,Mice Infestation - Residential,22
1,Fire Hydrant,20
1,Parking on Front/Back Yards (Illegal Parking),20
1,Trash on Vacant Lot,20
1,Roadway Repair,19
1,Egress,18
1,Illegal Auto Body Shop,18
1,StreetLight Pole WO,18
1,Litter Basket Maintenance,17
1,Overflowing or Un-kept Dumpster,17
1,Abandoned Building,14
1,Animal Noise Disturbances,14
1,Chronic Dampness/Mold,14
1,Illegal Posting of Signs,13
1,Student Move-in Issues,13
1,Cross Metering - Sub-Metering,12
1,Mosquitoes (West Nile),12
1,Undefined Noise Disturbance,12
1,Illegal Rooming House,11
1,Illegal Vending,10
1,No Utilities Residential - Water,10
1,No-Tow Complaint Confirmation,10
1,Scanning Overcharge,10
1,Traffic Signal Repair,10
1,Automotive Noise Disturbance,9
1,Request for Litter Basket Installation,9
1,Bicycle Issues,8
1,Food Alert - Unconfirmed,8
1,Pavement Marking Maintenance,7
1,Tree in Park,7
1,BWSC Pothole,6
1,Unsatisfactory Utilities - Electrical  Plumbing,6
1,Bed Bugs,5
1,Pavement Marking Inspection,5
1,Rooftop & Mechanical Disturbances,5
1,Sewage/Septic Back-Up,5
1,Squalid Living Conditions,5
1,Upgrade Existing Lighting,5
1,Zoning,5
1,Aircraft Noise Disturbance,4
1,Dumpster & Loading Noise Disturbances,4
1,General Traffic Engineering Request,4
1,Mechanical,4
1,Overcrowding,4
1,Plumbing,4
1,Request for Snow Plowing (Emergency Responder),4
1,Bridge Maintenance,3
1,Fire in Food Establishment,3
1,Food Alert - Confirmed,3
1,Install New Lighting,3
1,Item Price Missing,3
1,No Utilities Residential - Electricity,3
1,Parking Meter Repairs,3
1,Pigeon Infestation,3
1,Poor Ventilation,3
1,Public Events Noise Disturbances,3
1,General Comments For a Program or Policy,2
1,No Utilities Residential - Gas,2
1,Occupying W/Out A Valid CO/CI,2
1,Utility Call-In,2
1,Billing Complaint,1
1,Cemetery Maintenance Request,1
1,City/State Snow Issues,1
1,Fire Department Request,1
1,Illegal Use,1
1,Municipal Parking Lot Complaints,1
1,Phone Bank Service Inquiry,1
1,Pickup/Clear Conduit,1
1,Rat Bite,1
1,Requests for Directional or Roadway Changes,1
1,Street Light Longterm Repair,1
1,Student Overcrowding,1
1,Valet Parking Problems,1
2,Parking Enforcement,10521
2,Needle Pickup,5173
2,Requests for Street Cleaning,3836
2,Improper Storage of Trash (Barrels),2713
2,CE Collection,1781
2,Request for Pothole Repair,1326
2,Missed Trash/Recycling/Yard Waste/Bulk Item,1102
2,Schedule a Bulk Item Pickup,1094
2,Tree Maintenance Requests,1003
2,Street Light Outages,932
2,Ground Maintenance,888
2,Poor Conditions of Property,883
2,Sign Repair,857
2,Request for Recycling Cart,748
2,Sidewalk Repair (Make Safe),746
2,Traffic Signal Inspection,700
2,Pick up Dead Animal,683
2,Graffiti Removal,602
2,Schedule a Bulk Item Pickup SS,569
2,Rodent Activity,551
2,Work w/out Permit,523
2,Abandoned Vehicles,456
2,Unshoveled Sidewalk,431
2,Working Beyond Hours,422
2,Empty Litter Basket,408
2,PWD Graffiti,397
2,Recycling Cart Return,387
2,Animal Generic Request,366
2,Equipment Repair,364
2,Contractors Complaint,346
2,New Tree Requests,298
2,Illegal Dumping,263
2,Unsanitary Conditions - Establishment,263
2,Unsafe Dangerous Conditions,257
2,Abandoned Bicycle,237
2,Sidewalk Repair,232
2,Unsatisfactory Living Conditions,221
2,Tree Emergencies,213
2,Unsanitary Conditions - Employees,198
2,Sticker Request,174
2,Pest Infestation - Residential,163
2,Exceeding Terms of Permit,143
2,General Lighting Request,141
2,Notification,141
2,Work Hours-Loud Noise Complaints,136
2,Missing Sign,129
2,Building Inspection Request,126
2,Contractor Complaints,116
2,Loud Parties/Music/People,105
2,Protection of Adjoining Property,92
2,Public Works General Request,68
2,General Comments For An Employee,67
2,Request for Snow Plowing,66
2,Pole Compliance,65
2,Transportation General Request,62
2,Electrical,60
2,Space Savers,60
2,Construction Debris,54
2,Parks Lighting/Electrical Issues,54
2,Street Light Knock Downs,54
2,Catchbasin,48
2,Major System Failure,48
2,Unsanitary Conditions - Food,47
2,Heat - Excessive  Insufficient,46
2,New Sign  Crosswalk or Pavement Marking,46
2,Requests for Traffic Signal Studies or Reviews,43
2,Maintenance - Homeowner,42
2,Parking on Front/Back Yards (Illegal Parking),40
2,Parks General Request,38
2,Sidewalk Cover / Manhole,35
2,Animal Found,34
2,Maintenance Complaint - Residential,33
2,Misc. Snow Complaint,33
2,Food Alert - Unconfirmed,31
2,BWSC General Request,29
2,Litter Basket Maintenance,29
2,Overflowing or Un-kept Dumpster,26
2,Parking Meter Repairs,26
2,Student Move-in Issues,26
2,Illegal Posting of Signs,24
2,Mice Infestation - Residential,24
2,StreetLight Pole WO,24
2,Animal Lost,21
2,Cross Metering - Sub-Metering,20
2,Knockdown Replacement,19
2,Fire Hydrant,18
2,Food Alert - Confirmed,18
2,Roadway Repair,18
2,Illegal Occupancy,17
2,Chronic Dampness/Mold,16
2,Rental Unit Delivery Conditions,15
2,Undefined Noise Disturbance,15
2,Animal Noise Disturbances,14
2,Dumpster & Loading Noise Disturbances,14
2,Egress,14
2,Illegal Rooming House,14
2,Abandoned Building,13
2,Bed Bugs,13
2,No-Tow Complaint Confirmation,13
2,Overcrowding,13
2,Request for Litter Basket Installation,12
2,Rooftop & Mechanical Disturbances,12
2,Traffic Signal Repair,12
2,Bicycle Issues,11
2,Aircraft Noise Disturbance,10
2,Pavement Marking Inspection,9
2,Pavement Marking Maintenance,9
2,Trash on Vacant Lot,9
2,Unsatisfactory Utilities - Electrical  Plumbing,9
2,General Traffic Engineering Request,8
2,Public Events Noise Disturbances,8
2,Illegal Vending,7
2,Plumbing,7
2,Request for Snow Plowing (Emergency Responder),7
2,Automotive Noise Disturbance,6
2,Illegal Auto Body Shop,6
2,Scanning Overcharge,6
2,No Utilities - Food Establishment - Electricity,5
2,Unit Pricing Wrong/Missing,5
2,Utility Casting Repair,5
2,General Comments For a Program or Policy,4
2,No Utilities Residential - Water,4
2,Pigeon Infestation,4
2,Utility Call-In,4
2,Zoning,4
2,Item Price Missing,3
2,No Utilities Residential - Electricity,3
2,Poor Ventilation,3
2,Squalid Living Conditions,3
2,Tree in Park,3
2,Upgrade Existing Lighting,3
2,BWSC Pothole,2
2,Carbon Monoxide,2
2,Fire in Food Establishment,2
2,Install New Lighting,2
2,Lead,2
2,Mosquitoes (West Nile),2
2,Municipal Parking Lot Complaints,2
2,No Utilities - Food Establishment - Water,2
2,Big Buildings Online Request,1
2,Billing Complaint,1
2,Bridge Maintenance,1
2,City/State Snow Issues,1
2,Fire Department Request,1
2,Illegal Use,1
2,Mechanical,1
2,No Price on Gas/Wrong Price,1
2,No Utilities Residential - Gas,1
2,Phone Bank Service Inquiry,1
2,Pickup/Clear Conduit,1
2,Planting,1
2,Private Parking Lot Complaints,1
2,Product Short Measure,1
2,Requests for Directional or Roadway Changes,1
2,Sewage/Septic Back-Up,1
2,Valet Parking Problems,1
3,Parking Enforcement,4101
3,Schedule a Bulk Item Pickup,1962
3,Requests for Street Cleaning,1935
3,Needle Pickup,1833
3,Missed Trash/Recycling/Yard Waste/Bulk Item,1713
3,Request for Recycling Cart,1304
3,Improper Storage of Trash (Barrels),948
3,Abandoned Vehicles,854
3,Schedule a Bulk Item Pickup SS,804
3,Poor Conditions of Property,746
3,Recycling Cart Return,723
3,Request for Pothole Repair,637
3,Tree Maintenance Requests,586
3,Pick up Dead Animal,512
3,Ground Maintenance,499
3,CE Collection,468
3,Street Light Outages,463
3,Rodent Activity,395
3,Sign Repair,347
3,Sticker Request,339
3,Unshoveled Sidewalk,316
3,Sidewalk Repair (Make Safe),293
3,Traffic Signal Inspection,280
3,Work w/out Permit,259
3,Animal Generic Request,251
3,Tree Emergencies,219
3,Equipment Repair,204
3,Pest Infestation - Residential,172
3,Illegal Dumping,169
3,Graffiti Removal,142
3,Unsatisfactory Living Conditions,139
3,Contractors Complaint,118
3,New Tree Requests,118
3,Building Inspection Request,106
3,Empty Litter Basket,105
3,Unsanitary Conditions - Establishment,99
3,Request for Snow Plowing,90
3,Working Beyond Hours,87
3,Notification,85
3,Unsafe Dangerous Conditions,84
3,PWD Graffiti,83
3,Unsanitary Conditions - Employees,69
3,Street Light Knock Downs,68
3,Contractor Complaints,64
3,General Lighting Request,63
3,Exceeding Terms of Permit,57
3,New Sign  Crosswalk or Pavement Marking,56
3,Sidewalk Repair,56
3,Heat - Excessive  Insufficient,52
3,Space Savers,48
3,Catchbasin,47
3,Abandoned Bicycle,46
3,Protection of Adjoining Property,46
3,General Comments For An Employee,43
3,Animal Found,42
3,Public Works General Request,35
3,Sidewalk Cover / Manhole,35
3,Transportation General Request,34
3,Knockdown Replacement,33
3,Loud Parties/Music/People,33
3,Maintenance Complaint - Residential,31
3,Illegal Rooming House,30
3,Misc. Snow Complaint,29
3,Parks Lighting/Electrical Issues,29
3,Missing Sign,27
3,Parks General Request,27
3,Animal Lost,26
3,Construction Debris,25
3,Electrical,25
3,Mice Infestation - Residential,24
3,Rental Unit Delivery Conditions,23
3,Overflowing or Un-kept Dumpster,22
3,Illegal Occupancy,21
3,Work Hours-Loud Noise Complaints,21
3,Maintenance - Homeowner,20
3,Major System Failure,20
3,Unsanitary Conditions - Food,20
3,Requests for Traffic Signal Studies or Reviews,19
3,BWSC General Request,18
3,Parking on Front/Back Yards (Illegal Parking),18
3,StreetLight Pole WO,18
3,Utility Casting Repair,18
3,Illegal Auto Body Shop,17
3,Fire Hydrant,15
3,Request for Litter Basket Installation,15
3,Trash on Vacant Lot,15
3,Cross Metering - Sub-Metering,14
3,Illegal Vending,14
3,Roadway Repair,14
3,Animal Noise Disturbances,12
3,Illegal Posting of Signs,12
3,Pole Compliance,12
3,Abandoned Building,11
3,Chronic Dampness/Mold,11
3,Bed Bugs,10
3,Egress,8
3,Litter Basket Maintenance,8
3,Tree in Park,8
3,Unsatisfactory Utilities - Electrical  Plumbing,8
3,No Utilities Residential - Electricity,7
3,Overcrowding,7
3,Rooftop & Mechanical Disturbances,7
3,Aircraft Noise Disturbance,6
3,General Comments For a Program or Policy,6
3,Undefined Noise Disturbance,6
3,Automotive Noise Disturbance,5
3,BWSC Pothole,5
3,Food Alert - Confirmed,5
3,General Traffic Engineering Request,5
3,Traffic Signal Repair,5
3,No Utilities - Food Establishment - Electricity,4
3,No-Tow Complaint Confirmation,4
3,Requests for Directional or Roadway Changes,4
3,Scanning Overcharge,4
3,Utility Call-In,4
3,Zoning,4
3,Big Buildings Online Request,3
3,City/State Snow Issues,3
3,Install New Lighting,3
3,Pigeon Infestation,3
3,Sewage/Septic Back-Up,3
3,Squalid Living Conditions,3
3,Unit Pricing Wrong/Missing,3
3,Carbon Monoxide,2
3,Item Price Missing,2
3,Mechanical,2
3,Mosquitoes (West Nile),2
3,No Utilities - Food Establishment - Water,2
3,No Utilities Residential - Water,2
3,Pavement Marking Inspection,2
3,Poor Ventilation,2
3,Rat Bite,2
3,Bicycle Issues,1
3,Bridge Maintenance,1
3,Dumpster & Loading Noise Disturbances,1
3,Fire in Food Establishment,1
3,Food Alert - Unconfirmed,1
3,Lead,1
3,No Price on Gas/Wrong Price,1
3,No Utilities Residential - Gas,1
3,Park Improvement Requests,1
3,Pickup/Clear Conduit,1
3,Plumbing,1
3,Public Events Noise Disturbances,1
3,Request for Snow Plowing (Emergency Responder),1
4,Schedule a Bulk Item Pickup,2526
4,Parking Enforcement,2186
4,Missed Trash/Recycling/Yard Waste/Bulk Item,1826
4,Requests for Street Cleaning,1810
4,Request for Recycling Cart,1057
4,Abandoned Vehicles,842
4,Improper Storage of Trash (Barrels),782
4,Poor Conditions of Property,765
4,Request for Pothole Repair,674
4,Recycling Cart Return,662
4,Schedule a Bulk Item Pickup SS,542
4,Tree Maintenance Requests,457
4,Street Light Outages,456
4,CE Collection,403
4,Unsatisfactory Living Conditions,381
4,Pick up Dead Animal,357
4,Sign Repair,329
4,Rodent Activity,303
4,Traffic Signal Inspection,300
4,Animal Generic Request,293
4,Tree Emergencies,277
4,Sidewalk Repair (Make Safe),251
4,Sticker Request,234
4,Ground Maintenance,198
4,Illegal Dumping,185
4,Unshoveled Sidewalk,151
4,Work w/out Permit,151
4,Graffiti Removal,146
4,Heat - Excessive  Insufficient,139
4,Request for Snow Plowing,137
4,Unsanitary Conditions - Establishment,118
4,Pest Infestation - Residential,114
4,Building Inspection Request,100
4,New Tree Requests,98
4,Needle Pickup,97
4,New Sign  Crosswalk or Pavement Marking,95
4,Notification,95
4,Equipment Repair,94
4,Loud Parties/Music/People,89
4,Space Savers,82
4,Unsafe Dangerous Conditions,77
4,Contractor Complaints,71
4,Contractors Complaint,71
4,Illegal Auto Body Shop,68
4,Mice Infestation - Residential,67
4,General Comments For An Employee,66
4,General Lighting Request,66
4,Public Works General Request,61
4,Street Light Knock Downs,60
4,Unsanitary Conditions - Employees,60
4,Catchbasin,59
4,Empty Litter Basket,56
4,Requests for Traffic Signal Studies or Reviews,54
4,Parking on Front/Back Yards (Illegal Parking),48
4,Working Beyond Hours,47
4,Animal Found,42
4,Animal Noise Disturbances,42
4,Rental Unit Delivery Conditions,42
4,Abandoned Bicycle,41
4,Major System Failure,41
4,Animal Lost,40
4,Electrical,40
4,Maintenance Complaint - Residential,40
4,Missing Sign,40
4,Protection of Adjoining Property,40
4,PWD Graffiti,39
4,Sidewalk Repair,37
4,Exceeding Terms of Permit,35
4,Chronic Dampness/Mold,33
4,Overflowing or Un-kept Dumpster,33
4,Knockdown Replacement,32
4,Fire Hydrant,30
4,Illegal Rooming House,28
4,Transportation General Request,28
4,Parks General Request,26
4,BWSC General Request,25
4,Cross Metering - Sub-Metering,21
4,Roadway Repair,21
4,Unsanitary Conditions - Food,20
4,Illegal Occupancy,19
4,Request for Litter Basket Installation,19
4,Maintenance - Homeowner,18
4,Bed Bugs,17
4,Construction Debris,17
4,General Traffic Engineering Request,17
4,No Utilities Residential - Electricity,17
4,No Utilities Residential - Water,17
4,Sidewalk Cover / Manhole,17
4,Trash on Vacant Lot,17
4,Unsatisfactory Utilities - Electrical  Plumbing,17
4,Misc. Snow Complaint,15
4,StreetLight Pole WO,15
4,Abandoned Building,14
4,Illegal Vending,13
4,Work Hours-Loud Noise Complaints,12
4,Zoning,12
4,Parks Lighting/Electrical Issues,10
4,Undefined Noise Disturbance,10
4,Egress,9
4,Squalid Living Conditions,8
4,Traffic Signal Repair,8
4,Tree in Park,8
4,Utility Casting Repair,8
4,Install New Lighting,7
4,No Utilities Residential - Gas,7
4,No-Tow Complaint Confirmation,7
4,Pole Compliance,7
4,Unit Pricing Wrong/Missing,7
4,Litter Basket Maintenance,6
4,Plumbing,6
4,Sewage/Septic Back-Up,6
4,Overcrowding,5
4,Automotive Noise Disturbance,4
4,Bicycle Issues,4
4,Carbon Monoxide,4
4,City/State Snow Issues,4
4,Food Alert - Unconfirmed,4
4,Item Price Missing,4
4,Pavement Marking Inspection,4
4,Scanning Overcharge,4
4,Illegal Posting of Signs,3
4,Request for Snow Plowing (Emergency Responder),3
4,Requests for Directional or Roadway Changes,3
4,Short Measure - Gas,3
4,Utility Call-In,3
4,BWSC Pothole,2
4,Billing Complaint,2
4,Dumpster & Loading Noise Disturbances,2
4,Lead,2
4,Pigeon Infestation,2
4,Upgrade Existing Lighting,2
4,Aircraft Noise Disturbance,1
4,Big Buildings Online Request,1
4,Bridge Maintenance,1
4,Fire Department Request,1
4,Food Alert - Confirmed,1
4,General Comments For a Program or Policy,1
4,Heat/Fuel Assistance,1
4,Mechanical,1
4,Mosquitoes (West Nile),1
4,No Utilities - Food Establishment - Electricity,1
4,No Utilities - Food Establishment - Sewer,1
4,No Utilities - Food Establishment - Water,1
4,Occupying W/Out A Valid CO/CI,1
4,Park Improvement Requests,1
4,Pickup/Clear Conduit,1
4,Planting,1
4,Poor Ventilation,1
4,Product Short Measure,1
4,Public Events Noise Disturbances,1
4,Rat Bite,1
4,Rooftop & Mechanical Disturbances,1
4,Water in Gas - High Priority,1
5,Schedule a Bulk Item Pickup,2586
5,Requests for Street Cleaning,2146
5,Missed Trash/Recycling/Yard Waste/Bulk Item,1860
5,Recycling Cart Return,1618
5,Request for Recycling Cart,1428
5,Parking Enforcement,1367
5,Schedule a Bulk Item Pickup SS,1050
5,Request for Pothole Repair,860
5,Abandoned Vehicles,792
5,Pick up Dead Animal,657
5,Tree Maintenance Requests,635
5,Street Light Outages,570
5,Sign Repair,562
5,Poor Conditions of Property,488
5,Improper Storage of Trash (Barrels),485
5,Sticker Request,425
5,Traffic Signal Inspection,399
5,Tree Emergencies,372
5,Sidewalk Repair (Make Safe),352
5,Animal Generic Request,321
5,Request for Snow Plowing,274
5,CE Collection,273
5,Ground Maintenance,248
5,Rodent Activity,212
5,Work w/out Permit,199
5,Unshoveled Sidewalk,193
5,New Tree Requests,184
5,Illegal Dumping,169
5,Unsatisfactory Living Conditions,147
5,Equipment Repair,136
5,Graffiti Removal,107
5,Unsanitary Conditions - Establishment,100
5,Empty Litter Basket,99
5,Building Inspection Request,96
5,Pest Infestation - Residential,92
5,Catchbasin,90
5,Unsafe Dangerous Conditions,83
5,New Sign  Crosswalk or Pavement Marking,81
5,PWD Graffiti,80
5,Notification,72
5,General Lighting Request,71
5,Unsanitary Conditions - Employees,66
5,Illegal Auto Body Shop,63
5,Street Light Knock Downs,63
5,Working Beyond Hours,62
5,Contractors Complaint,60
5,Missing Sign,59
5,Protection of Adjoining Property,59
5,Needle Pickup,58
5,Contractor Complaints,57
5,Requests for Traffic Signal Studies or Reviews,57
5,Parks General Request,55
5,Heat - Excessive  Insufficient,54
5,General Comments For An Employee,52
5,Public Works General Request,45
5,Animal Found,43
5,Loud Parties/Music/People,42
5,Exceeding Terms of Permit,36
5,Parking on Front/Back Yards (Illegal Parking),35
5,Electrical,31
5,Abandoned Bicycle,30
5,Fire Hydrant,29
5,Sidewalk Cover / Manhole,29
5,Misc. Snow Complaint,27
5,BWSC General Request,26
5,Chronic Dampness/Mold,25
5,Illegal Rooming House,25
5,Roadway Repair,25
5,Illegal Occupancy,23
5,Transportation General Request,23
5,Mice Infestation - Residential,22
5,Cross Metering - Sub-Metering,21
5,Abandoned Building,20
5,Animal Noise Disturbances,20
5,Maintenance Complaint - Residential,20
5,Work Hours-Loud Noise Complaints,20
5,Animal Lost,19
5,Space Savers,19
5,Major System Failure,18
5,Rental Unit Delivery Conditions,18
5,Parks Lighting/Electrical Issues,17
5,Unsanitary Conditions - Food,17
5,Overflowing or Un-kept Dumpster,16
5,Sidewalk Repair,16
5,No Utilities Residential - Water,15
5,General Traffic Engineering Request,14
5,Illegal Posting of Signs,13
5,Maintenance - Homeowner,13
5,Unsatisfactory Utilities - Electrical  Plumbing,13
5,Scanning Overcharge,11
5,Trash on Vacant Lot,11
5,Illegal Vending,10
5,Request for Litter Basket Installation,10
5,Construction Debris,9
5,Knockdown Replacement,9
5,Litter Basket Maintenance,9
5,Sewage/Septic Back-Up,8
5,StreetLight Pole WO,8
5,Traffic Signal Repair,8
5,Tree in Park,8
5,Bed Bugs,7
5,Egress,6
5,Mosquitoes (West Nile),6
5,No Utilities Residential - Electricity,6
5,Request for Snow Plowing (Emergency Responder),6
5,Undefined Noise Disturbance,6
5,General Comments For a Program or Policy,5
5,Squalid Living Conditions,5
5,Utility Casting Repair,5
5,BWSC Pothole,4
5,Item Price Missing,4
5,No Utilities Residential - Gas,4
5,Overcrowding,4
5,Pavement Marking Inspection,4
5,Planting,4
5,Plumbing,4
5,Pole Compliance,4
5,Requests for Directional or Roadway Changes,4
5,Unit Pricing Wrong/Missing,4
5,Aircraft Noise Disturbance,3
5,Automotive Noise Disturbance,3
5,Install New Lighting,3
5,Rooftop & Mechanical Disturbances,3
5,Zoning,3
5,Bicycle Issues,2
5,Bridge Maintenance,2
5,Food Alert - Unconfirmed,2
5,Mechanical,2
5,Pavement Marking Maintenance,2
5,Upgrade Existing Lighting,2
5,Carbon Monoxide,1
5,Dumpster & Loading Noise Disturbances,1
5,Food Alert - Confirmed,1
5,New Tree Warrantee Inspection,1
5,No Price on Gas/Wrong Price,1
5,Occupying W/Out A Valid CO/CI,1
5,Park Improvement Requests,1
5,Parking Meter Repairs,1
5,Pigeon Infestation,1
5,Poor Ventilation,1
5,Private Parking Lot Complaints,1
5,Scale Not Visible,1
5,Snow/Ice Control,1
5,Student Move-in Issues,1
6,Parking Enforcement,2229
6,Missed Trash/Recycling/Yard Waste/Bulk Item,1936
6,Schedule a Bulk Item Pickup,1813
6,Requests for Street Cleaning,1285
6,Schedule a Bulk Item Pickup SS,1157
6,Request for Pothole Repair,1103
6,Tree Maintenance Requests,1028
6,Sign Repair,844
6,Request for Recycling Cart,787
6,Pick up Dead Animal,693
6,Street Light Outages,612
6,Traffic Signal Inspection,517
6,Tree Emergencies,476
6,Sidewalk Repair (Make Safe),472
6,Improper Storage of Trash (Barrels),468
6,Poor Conditions of Property,440
6,Abandoned Vehicles,398
6,Sticker Request,391
6,Unshoveled Sidewalk,379
6,Recycling Cart Return,377
6,CE Collection,370
6,Animal Generic Request,344
6,New Tree Requests,301
6,Needle Pickup,267
6,Ground Maintenance,255
6,Rodent Activity,252
6,Equipment Repair,238
6,Unsatisfactory Living Conditions,182
6,Work w/out Permit,165
6,Graffiti Removal,139
6,Contractors Complaint,125
6,Request for Snow Plowing,122
6,Unsafe Dangerous Conditions,113
6,Working Beyond Hours,113
6,Illegal Dumping,106
6,Missing Sign,93
6,General Lighting Request,92
6,PWD Graffiti,91
6,Unsanitary Conditions - Establishment,91
6,Building Inspection Request,87
6,New Sign  Crosswalk or Pavement Marking,82
6,Empty Litter Basket,75
6,Pest Infestation - Residential,75
6,Catchbasin,74
6,Contractor Complaints,71
6,Heat - Excessive  Insufficient,64
6,Abandoned Bicycle,59
6,Unsanitary Conditions - Employees,59
6,Notification,57
6,Protection of Adjoining Property,55
6,Street Light Knock Downs,54
6,Exceeding Terms of Permit,52
6,Public Works General Request,52
6,Parks Lighting/Electrical Issues,47
6,General Comments For An Employee,43
6,Animal Found,42
6,Loud Parties/Music/People,39
6,Parks General Request,38
6,Sidewalk Cover / Manhole,34
6,Electrical,33
6,Fire Hydrant,33
6,Work Hours-Loud Noise Complaints,29
6,Animal Lost,28
6,Misc. Snow Complaint,28
6,Requests for Traffic Signal Studies or Reviews,27
6,BWSC General Request,25
6,Chronic Dampness/Mold,25
6,Major System Failure,25
6,Roadway Repair,24
6,Animal Noise Disturbances,23
6,Mice Infestation - Residential,23
6,Overflowing or Un-kept Dumpster,22
6,Transportation General Request,22
6,Sidewalk Repair,20
6,Knockdown Replacement,18
6,Maintenance - Homeowner,18
6,Abandoned Building,16
6,StreetLight Pole WO,16
6,Undefined Noise Disturbance,16
6,No Utilities Residential - Water,14
6,Parking on Front/Back Yards (Illegal Parking),14
6,Rental Unit Delivery Conditions,14
6,Construction Debris,13
6,Cross Metering - Sub-Metering,11
6,Egress,11
6,Maintenance Complaint - Residential,11
6,Plumbing,11
6,Unsanitary Conditions - Food,11
6,Automotive Noise Disturbance,10
6,General Traffic Engineering Request,10
6,Illegal Occupancy,10
6,Illegal Posting of Signs,10
6,Request for Litter Basket Installation,10
6,Space Savers,10
6,Illegal Auto Body Shop,8
6,Squalid Living Conditions,8
6,Unsatisfactory Utilities - Electrical  Plumbing,8
6,No-Tow Complaint Confirmation,7
6,Rooftop & Mechanical Disturbances,7
6,Traffic Signal Repair,7
6,Trash on Vacant Lot,7
6,Pavement Marking Inspection,6
6,Tree in Park,6
6,Utility Casting Repair,6
6,Aircraft Noise Disturbance,5
6,BWSC Pothole,5
6,Dumpster & Loading Noise Disturbances,5
6,Food Alert - Confirmed,5
6,Food Alert - Unconfirmed,5
6,Illegal Rooming House,5
6,Lead,5
6,Overcrowding,5
6,Sewage/Septic Back-Up,5
6,Upgrade Existing Lighting,5
6,Bed Bugs,4
6,City/State Snow Issues,4
6,Illegal Vending,4
6,Pavement Marking Maintenance,4
6,Pole Compliance,4
6,Request for Snow Plowing (Emergency Responder),4
6,Utility Call-In,4
6,Zoning,4
6,Fire Department Request,3
6,General Comments For a Program or Policy,3
6,Install New Lighting,3
6,Mosquitoes (West Nile),3
6,No Utilities Residential - Electricity,3
6,Public Events Noise Disturbances,3
6,Billing Complaint,2
6,Illegal Use,2
6,Litter Basket Maintenance,2
6,Mechanical,2
6,Poor Ventilation,2
6,Student Move-in Issues,2
6,Bicycle Issues,1
6,Big Buildings Recycling (INTERNAL),1
6,Item Price Missing,1
6,News Boxes,1
6,No Utilities - Food Establishment - Flood,1
6,No Utilities Residential - Gas,1
6,Occupying W/Out A Valid CO/CI,1
6,Pigeon Infestation,1
6,Planting,1
6,Product Short Measure,1
6,Rat Bite,1
6,Requests for Directional or Roadway Changes,1
6,Scanning Overcharge,1
6,Sign Shop WO,1
6,Student Overcrowding,1
7,Needle Pickup,3996
7,Parking Enforcement,2886
7,Requests for Street Cleaning,1912
7,Improper Storage of Trash (Barrels),1555
7,Schedule a Bulk Item Pickup,1424
7,CE Collection,1394
7,Missed Trash/Recycling/Yard Waste/Bulk Item,1202
7,Request for Pothole Repair,1133
7,Poor Conditions of Property,754
7,Request for Recycling Cart,687
7,Abandoned Vehicles,605
7,Tree Maintenance Requests,584
7,Street Light Outages,582
7,Pick up Dead Animal,543
7,Ground Maintenance,533
7,Sign Repair,514
7,Graffiti Removal,470
7,Unsatisfactory Living Conditions,410
7,Traffic Signal Inspection,409
7,Schedule a Bulk Item Pickup SS,401
7,Rodent Activity,383
7,Sidewalk Repair (Make Safe),362
7,Recycling Cart Return,306
7,Animal Generic Request,268
7,Equipment Repair,264
7,PWD Graffiti,257
7,Illegal Dumping,232
7,Empty Litter Basket,220
7,Tree Emergencies,205
7,Unshoveled Sidewalk,172
7,Work w/out Permit,171
7,New Tree Requests,170
7,Pest Infestation - Residential,167
7,Request for Snow Plowing,146
7,Heat - Excessive  Insufficient,142
7,Abandoned Bicycle,138
7,Sticker Request,135
7,Contractors Complaint,120
7,Building Inspection Request,104
7,General Lighting Request,101
7,Unsafe Dangerous Conditions,97
7,Notification,94
7,Sidewalk Repair,94
7,Working Beyond Hours,87
7,Missing Sign,86
7,Illegal Posting of Signs,85
7,Unsanitary Conditions - Establishment,79
7,Unsanitary Conditions - Employees,68
7,Contractor Complaints,67
7,Loud Parties/Music/People,67
7,New Sign  Crosswalk or Pavement Marking,65
7,Space Savers,63
7,Public Works General Request,60
7,Street Light Knock Downs,60
7,Mice Infestation - Residential,54
7,Parks General Request,54
7,Major System Failure,53
7,Rental Unit Delivery Conditions,52
7,Catchbasin,46
7,Maintenance Complaint - Residential,46
7,Electrical,45
7,Chronic Dampness/Mold,44
7,General Comments For An Employee,44
7,Exceeding Terms of Permit,42
7,Protection of Adjoining Property,42
7,Parks Lighting/Electrical Issues,40
7,Misc. Snow Complaint,37
7,Animal Found,34
7,Animal Lost,34
7,Parking on Front/Back Yards (Illegal Parking),34
7,Knockdown Replacement,33
7,Overflowing or Un-kept Dumpster,30
7,Unsanitary Conditions - Food,30
7,Work Hours-Loud Noise Complaints,30
7,Maintenance - Homeowner,28
7,Pole Compliance,28
7,StreetLight Pole WO,28
7,Transportation General Request,28
7,Requests for Traffic Signal Studies or Reviews,27
7,BWSC General Request,26
7,Unsatisfactory Utilities - Electrical  Plumbing,25
7,Fire Hydrant,24
7,Construction Debris,23
7,Cross Metering - Sub-Metering,22
7,Abandoned Building,20
7,Illegal Rooming House,20
7,Sidewalk Cover / Manhole,19
7,Trash on Vacant Lot,18
7,Roadway Repair,17
7,Illegal Auto Body Shop,16
7,No Utilities Residential - Water,15
7,Illegal Occupancy,14
7,Undefined Noise Disturbance,14
7,Utility Casting Repair,14
7,Request for Snow Plowing (Emergency Responder),13
7,Squalid Living Conditions,12
7,Bed Bugs,11
7,Illegal Vending,10
7,Litter Basket Maintenance,10
7,Request for Litter Basket Installation,10
7,Sewage/Septic Back-Up,10
7,Aircraft Noise Disturbance,9
7,Food Alert - Unconfirmed,9
7,Parking Meter Repairs,9
7,Plumbing,9
7,Traffic Signal Repair,9
7,Automotive Noise Disturbance,8
7,Egress,8
7,No Utilities Residential - Electricity,8
7,Pavement Marking Inspection,8
7,General Comments For a Program or Policy,7
7,Poor Ventilation,7
7,Tree in Park,7
7,Unit Pricing Wrong/Missing,7
7,General Traffic Engineering Request,6
7,No Utilities Residential - Gas,6
7,Scanning Overcharge,6
7,Animal Noise Disturbances,5
7,Bicycle Issues,5
7,Install New Lighting,5
7,Mechanical,5
7,Student Move-in Issues,5
7,Rooftop & Mechanical Disturbances,4
7,Carbon Monoxide,3
7,City/State Snow Issues,3
7,Food Alert - Confirmed,3
7,No-Tow Complaint Confirmation,3
7,Pavement Marking Maintenance,3
7,Public Events Noise Disturbances,3
7,Zoning,3
7,Big Buildings Recycling (INTERNAL),2
7,Overcrowding,2
7,Pigeon Infestation,2
7,Student Overcrowding,2
7,Utility Call-In,2
7,BWSC Pothole,1
7,Big Buildings Online Request,1
7,Dumpster & Loading Noise Disturbances,1
7,Fire in Food Establishment,1
7,Heat/Fuel Assistance,1
7,Mosquitoes (West Nile),1
7,Municipal Parking Lot Complaints,1
7,No Price on Gas/Wrong Price,1
7,No Utilities - Food Establishment - Flood,1
7,Occupying W/Out A Valid CO/CI,1
7,Pickup/Clear Conduit,1
7,Planting,1
7,Requests for Directional or Roadway Changes,1
7,Scale Not Visible,1
8,Parking Enforcement,2622
8,CE Collection,1498
8,Improper Storage of Trash (Barrels),1432
8,Requests for Street Cleaning,1243
8,Request for Pothole Repair,1027
8,Street Light Outages,795
8,Needle Pickup,736
8,Poor Conditions of Property,613
8,Graffiti Removal,594
8,Sign Repair,577
8,Missed Trash/Recycling/Yard Waste/Bulk Item,524
8,Tree Maintenance Requests,469
8,Schedule a Bulk Item Pickup,416
8,Sidewalk Repair (Make Safe),391
8,Pick up Dead Animal,384
8,Rodent Activity,328
8,Traffic Signal Inspection,287
8,Schedule a Bulk Item Pickup SS,274
8,Abandoned Bicycle,236
8,Ground Maintenance,218
8,PWD Graffiti,210
8,Empty Litter Basket,186
8,Equipment Repair,181
8,Animal Generic Request,176
8,Unshoveled Sidewalk,176
8,Work w/out Permit,168
8,New Tree Requests,157
8,Sidewalk Repair,146
8,Abandoned Vehicles,141
8,Request for Recycling Cart,136
8,Contractors Complaint,132
8,Unsatisfactory Living Conditions,130
8,Illegal Dumping,124
8,Working Beyond Hours,123
8,Tree Emergencies,112
8,Unsafe Dangerous Conditions,92
8,Missing Sign,89
8,Unsanitary Conditions - Establishment,87
8,Unsanitary Conditions - Employees,84
8,General Lighting Request,76
8,Pest Infestation - Residential,76
8,Major System Failure,70
8,Heat - Excessive  Insufficient,56
8,Notification,53
8,Sticker Request,51
8,Loud Parties/Music/People,49
8,Catchbasin,44
8,Electrical,44
8,Work Hours-Loud Noise Complaints,42
8,Building Inspection Request,41
8,Parks Lighting/Electrical Issues,41
8,Recycling Cart Return,41
8,Contractor Complaints,40
8,New Sign  Crosswalk or Pavement Marking,38
8,Exceeding Terms of Permit,36
8,Pole Compliance,36
8,Public Works General Request,33
8,Request for Snow Plowing,33
8,Street Light Knock Downs,31
8,General Comments For An Employee,29
8,Parks General Request,28
8,Protection of Adjoining Property,27
8,Sidewalk Cover / Manhole,27
8,Unsanitary Conditions - Food,27
8,Maintenance - Homeowner,25
8,Mice Infestation - Residential,25
8,Illegal Posting of Signs,23
8,Rental Unit Delivery Conditions,23
8,Requests for Traffic Signal Studies or Reviews,23
8,Transportation General Request,23
8,Maintenance Complaint - Residential,20
8,Student Move-in Issues,20
8,Misc. Snow Complaint,19
8,Parking Meter Repairs,19
8,Animal Lost,17
8,BWSC General Request,17
8,Animal Found,16
8,Litter Basket Maintenance,14
8,Chronic Dampness/Mold,13
8,Parking on Front/Back Yards (Illegal Parking),13
8,Roadway Repair,13
8,Rooftop & Mechanical Disturbances,12
8,Food Alert - Unconfirmed,10
8,Egress,9
8,Illegal Occupancy,9
8,Utility Casting Repair,9
8,Bicycle Issues,8
8,Construction Debris,8
8,Food Alert - Confirmed,8
8,Illegal Rooming House,8
8,No Utilities Residential - Water,8
8,No-Tow Complaint Confirmation,8
8,Request for Litter Basket Installation,8
8,Knockdown Replacement,7
8,Sewage/Septic Back-Up,7
8,Fire Hydrant,6
8,Overcrowding,6
8,Overflowing or Un-kept Dumpster,6
8,Space Savers,6
8,StreetLight Pole WO,6
8,Aircraft Noise Disturbance,5
8,Animal Noise Disturbances,5
8,Automotive Noise Disturbance,5
8,Mechanical,5
8,Request for Snow Plowing (Emergency Responder),5
8,Undefined Noise Disturbance,5
8,Unsatisfactory Utilities - Electrical  Plumbing,5
8,Abandoned Building,4
8,BWSC Pothole,4
8,Illegal Vending,4
8,Plumbing,4
8,Poor Ventilation,4
8,Squalid Living Conditions,4
8,Trash on Vacant Lot,4
8,Zoning,4
8,Big Buildings Recycling (INTERNAL),3
8,Cross Metering - Sub-Metering,3
8,General Comments For a Program or Policy,3
8,No Utilities Residential - Electricity,3
8,Pavement Marking Inspection,3
8,Public Events Noise Disturbances,3
8,Traffic Signal Repair,3
8,Upgrade Existing Lighting,3
8,Bed Bugs,2
8,City/State Snow Issues,2
8,Dumpster & Loading Noise Disturbances,2
8,Fire in Food Establishment,2
8,Illegal Auto Body Shop,2
8,Mosquitoes (West Nile),2
8,No Utilities - Food Establishment - Flood,2
8,No Utilities Residential - Gas,2
8,Pavement Marking Maintenance,2
8,Scanning Overcharge,2
8,Billing Complaint,1
8,Bridge Maintenance,1
8,Carbon Monoxide,1
8,General Traffic Engineering Request,1
8,News Boxes,1
8,No Price on Gas/Wrong Price,1
8,No Utilities - Food Establishment - Water,1
8,Park Improvement Requests,1
8,Requests for Directional or Roadway Changes,1
8,Tree in Park,1
8,Unit Pricing Wrong/Missing,1
9,Parking Enforcement,3138
9,Needle Pickup,1413
9,Requests for Street Cleaning,1351
9,Request for Recycling Cart,1159
9,CE Collection,1104
9,Request for Pothole Repair,998
9,Improper Storage of Trash (Barrels),996
9,Schedule a Bulk Item Pickup,819
9,Poor Conditions of Property,810
9,Missed Trash/Recycling/Yard Waste/Bulk Item,770
9,Rodent Activity,669
9,Recycling Cart Return,625
9,Pick up Dead Animal,573
9,Schedule a Bulk Item Pickup SS,566
9,Sign Repair,528
9,Tree Maintenance Requests,497
9,Traffic Signal Inspection,491
9,Abandoned Vehicles,427
9,Ground Maintenance,348
9,Street Light Outages,343
9,Animal Generic Request,244
9,Sidewalk Repair (Make Safe),238
9,Sticker Request,233
9,Graffiti Removal,231
9,Pest Infestation - Residential,217
9,Unshoveled Sidewalk,215
9,Unsatisfactory Living Conditions,194
9,Tree Emergencies,164
9,Equipment Repair,162
9,Work w/out Permit,160
9,Empty Litter Basket,146
9,PWD Graffiti,139
9,Illegal Dumping,135
9,Abandoned Bicycle,117
9,Missing Sign,97
9,Heat - Excessive  Insufficient,95
9,New Tree Requests,90
9,Contractors Complaint,88
9,Notification,78
9,Working Beyond Hours,77
9,Unsanitary Conditions - Employees,74
9,Unsanitary Conditions - Establishment,74
9,Building Inspection Request,68
9,General Lighting Request,66
9,Unsafe Dangerous Conditions,66
9,Loud Parties/Music/People,62
9,Requests for Traffic Signal Studies or Reviews,58
9,Street Light Knock Downs,58
9,New Sign  Crosswalk or Pavement Marking,54
9,Contractor Complaints,53
9,Student Move-in Issues,47
9,Request for Snow Plowing,46
9,Parks General Request,43
9,Catchbasin,42
9,Public Works General Request,41
9,Exceeding Terms of Permit,38
9,Maintenance Complaint - Residential,37
9,Major System Failure,37
9,Work Hours-Loud Noise Complaints,35
9,Electrical,34
9,Protection of Adjoining Property,34
9,Mice Infestation - Residential,32
9,Sidewalk Cover / Manhole,28
9,General Comments For An Employee,26
9,Knockdown Replacement,26
9,Transportation General Request,26
9,Pole Compliance,25
9,Roadway Repair,25
9,Animal Found,24
9,Parking on Front/Back Yards (Illegal Parking),24
9,Rental Unit Delivery Conditions,24
9,Parks Lighting/Electrical Issues,23
9,Maintenance - Homeowner,22
9,StreetLight Pole WO,22
9,BWSC General Request,20
9,Fire Hydrant,20
9,Request for Litter Basket Installation,20
9,Overflowing or Un-kept Dumpster,19
9,Misc. Snow Complaint,18
9,Illegal Rooming House,17
9,Illegal Occupancy,16
9,Chronic Dampness/Mold,15
9,Cross Metering - Sub-Metering,15
9,Animal Lost,14
9,Traffic Signal Repair,14
9,Sidewalk Repair,13
9,Construction Debris,12
9,Illegal Auto Body Shop,12
9,Unsanitary Conditions - Food,12
9,Space Savers,11
9,Litter Basket Maintenance,10
9,Utility Casting Repair,10
9,Animal Noise Disturbances,9
9,Illegal Posting of Signs,8
9,No Utilities Residential - Electricity,8
9,Food Alert - Unconfirmed,7
9,Overcrowding,7
9,Pavement Marking Inspection,7
9,Trash on Vacant Lot,7
9,Unsatisfactory Utilities - Electrical  Plumbing,7
9,Dumpster & Loading Noise Disturbances,6
9,Install New Lighting,6
9,Plumbing,6
9,Squalid Living Conditions,6
9,Big Buildings Recycling (INTERNAL),5
9,General Traffic Engineering Request,5
9,No Utilities Residential - Water,5
9,Requests for Directional or Roadway Changes,5
9,Rooftop & Mechanical Disturbances,5
9,Undefined Noise Disturbance,5
9,Zoning,5
9,Bed Bugs,4
9,Egress,4
9,Food Alert - Confirmed,4
9,Public Events Noise Disturbances,4
9,Request for Snow Plowing (Emergency Responder),4
9,Abandoned Building,3
9,Automotive Noise Disturbance,3
9,Rat Bite,3
9,Scanning Overcharge,3
9,Sewage/Septic Back-Up,3
9,Tree in Park,3
9,BWSC Pothole,2
9,Bicycle Issues,2
9,Big Buildings Online Request,2
9,City/State Snow Issues,2
9,Fire in Food Establishment,2
9,General Comments For a Program or Policy,2
9,Item Price Missing,2
9,No-Tow Complaint Confirmation,2
9,Parking Meter Repairs,2
9,Poor Ventilation,2
9,Student Overcrowding,2
9,Illegal Vending,1
9,Lead,1
9,Mechanical,1
9,Municipal Parking Lot Complaints,1
9,News Boxes,1
9,No Utilities - Food Establishment - Electricity,1
9,No Utilities - Food Establishment - Sewer,1
9,No Utilities - Food Establishment - Water,1
9,No Utilities Residential - Gas,1
9,Pavement Marking Maintenance,1
9,Street Light Longterm Repair,1
9,Upgrade Existing Lighting,1
9,Utility Call-In,1
